Date,City,PM2.5,PM10,NO2,CO
1/1/2024,Delhi,135.2810469,162.0047163,49.78737984,1.44817864
1/2/2024,Delhi,137.3511598,120.6816636,49.50088418,0.969728558
1/3/2024,Delhi,97.93562296,162.3179551,41.44043571,1.290854701
1/4/2024,Delhi,115.2207545,153.6502505,44.43863233,1.066734865
1/5/2024,Delhi,129.8815815,143.8452521,43.13067702,0.829180852
1/6/2024,Delhi,48.94020368,169.6085579,48.64436199,0.851566996
1/7/2024,Delhi,145.3950925,106.3690298,40.45758517,0.96256323
1/8/2024,Delhi,130.6555843,194.0807631,41.54947426,1.075632504
1/9/2024,Delhi,82.24428505,90.57610595,36.52087851,1.031269794
1/10/2024,Delhi,124.6058136,186.0713955,36.12673183,0.93953945
1/11/2024,Delhi,79.0289407,107.3994619,22.93729809,1.390155079
1/12/2024,Delhi,89.80695636,136.857771,27.4720464,1.155498071
1/13/2024,Delhi,67.72204305,143.6177916,31.04533439,1.0773805
1/14/2024,Delhi,89.78389725,114.5810345,39.71817772,1.085666374
1/15/2024,Delhi,101.3303444,159.0741569,33.65677906,0.927451767
1/16/2024,Delhi,86.55079104,139.2134052,31.86853718,0.65474348
1/17/2024,Delhi,103.5485228,137.9465719,23.69801653,1.092556451
1/18/2024,Delhi,81.85403271,151.5583619,47.29090562,1.025796582
1/19/2024,Delhi,122.7880137,112.9552254,44.02341641,0.863037982
1/20/2024,Delhi,82.58405702,132.6345101,36.88447468,1.011233068
1/21/2024,Delhi,76.69700318,177.0247946,44.6566244,0.692751263
1/22/2024,Delhi,129.7650439,206.8766753,51.78779571,0.964015033
1/23/2024,Delhi,78.58494757,181.6335518,35.96823053,1.244489014
1/24/2024,Delhi,104.1654996,179.2991711,43.56366397,1.141314634
1/25/2024,Delhi,100.2100004,203.5761148,41.26912093,1.080397873
1/26/2024,Delhi,137.6630139,109.5672282,27.29515002,1.193879342
1/27/2024,Delhi,76.5375319,208.3086356,35.86381019,0.850509038
1/28/2024,Delhi,138.4588405,194.4154437,58.6755896,1.181208932
1/29/2024,Delhi,82.7754863,207.3019486,37.31996629,1.160491279
1/30/2024,Delhi,118.9450394,145.3496972,46.1407937,1.184441334
1/31/2024,Delhi,107.5285106,117.0179763,42.98238174,1.265277179
2/1/2024,Delhi,86.10864281,145.5109638,35.64846448,1.369852746
2/2/2024,Delhi,113.4458951,162.2238551,32.30083926,1.107849838
2/3/2024,Delhi,86.51334679,150.9549167,33.64153922,1.135286659
2/4/2024,Delhi,111.5318163,143.7510373,43.96006713,0.781387698
2/5/2024,Delhi,70.17484815,163.181751,41.66673495,1.127006287
2/6/2024,Delhi,147.6628955,178.3343846,30.87177775,1.223403258
2/7/2024,Delhi,73.68185179,136.1524619,39.31758395,1.342668544
2/8/2024,Delhi,85.10490356,125.2068438,39.01547476,0.867304343
2/9/2024,Delhi,122.5327184,117.6020547,28.52531348,0.912435991
2/10/2024,Delhi,90.03935099,207.8859616,49.49420807,1.017510248
2/11/2024,Delhi,75.49128962,175.3308893,29.99784653,0.691045781
2/12/2024,Delhi,123.7605958,159.5082784,49.20858824,1.063745531
2/13/2024,Delhi,117.1366122,130.4692322,29.65757158,1.136318904
2/14/2024,Delhi,83.93180672,129.3135067,35.44467496,1.003495832
2/15/2024,Delhi,92.92012177,108.7514612,33.56381597,0.55531937
2/16/2024,Delhi,112.504629,101.9382703,28.95616661,1.010433016
2/17/2024,Delhi,85.20874007,196.2904379,27.0714309,1.053410174
2/18/2024,Delhi,99.21434364,114.9571951,45.23276661,0.965690734
2/19/2024,Delhi,115.435811,174.7051246,61.63235949,1.26730559
2/20/2024,Delhi,92.61636324,142.8186247,50.99659596,1.131052746
2/21/2024,Delhi,112.8026305,101.4913187,39.75673876,0.852393818
2/22/2024,Delhi,105.598492,147.0554883,49.10178908,1.063443643
2/23/2024,Delhi,115.7265592,136.0074271,30.55553744,0.917990061
2/24/2024,Delhi,99.65959172,161.3745521,62.59308951,0.99154857
2/25/2024,Delhi,80.88109999,139.6205467,35.36404025,1.096296295
2/26/2024,Delhi,69.18405971,151.8978598,41.56506538,1.046436207
2/27/2024,Delhi,88.05367862,142.8623481,25.75939091,0.901336023
2/28/2024,Delhi,89.14277048,162.4815014,28.43817568,1.15623962
2/29/2024,Delhi,129.8896909,87.90044925,44.26258731,1.135381607
3/1/2024,Delhi,87.25125949,138.0818456,38.67119422,0.940441824
3/2/2024,Delhi,93.81974062,99.71988581,51.52331565,1.215923718
3/3/2024,Delhi,83.73271482,106.0072702,45.21064876,0.884842406
3/4/2024,Delhi,102.8390633,140.4201475,46.91538751,1.138949829
3/5/2024,Delhi,85.48805243,108.4990813,24.17061603,1.122075876
3/6/2024,Delhi,76.22281484,134.7955094,34.03685962,0.989486541
3/7/2024,Delhi,61.27440388,155.6633579,45.23891024,1.017684417
3/8/2024,Delhi,93.78227657,152.922005,43.99046346,0.445481449
3/9/2024,Delhi,139.1182462,161.7027997,33.47591418,0.921809325
3/10/2024,Delhi,109.8748355,146.5168818,19.69315532,1.412898572
3/11/2024,Delhi,97.78918686,180.6051814,33.07950152,1.307275411
3/12/2024,Delhi,105.7268738,168.265315,29.54746634,1.242229058
3/13/2024,Delhi,113.7963633,189.0553869,33.7191244,0.903794576
3/14/2024,Delhi,146.078334,118.1995253,38.64050299,1.227378273
3/15/2024,Delhi,101.9544994,167.4886104,36.00550971,1.074011178
3/16/2024,Delhi,73.86946297,199.7439204,38.81835955,0.863964359
3/17/2024,Delhi,113.3276616,136.1784064,26.65741529,0.730656499
3/18/2024,Delhi,113.8754631,145.2127969,38.6629844,1.215548761
3/19/2024,Delhi,77.46348382,128.0796674,36.15120191,1.018870318
3/20/2024,Delhi,99.15657097,141.3933842,39.38373598,0.978538945
3/21/2024,Delhi,85.60791223,125.6102103,42.74516358,0.821816983
3/22/2024,Delhi,76.85289482,140.6312325,38.42332984,1.451344699
3/23/2024,Delhi,85.90599448,178.2978217,47.47188334,0.762211009
3/24/2024,Delhi,115.4650595,114.4835808,13.40827762,1.121263905
3/25/2024,Delhi,64.88218833,163.5280339,33.15989102,1.331910159
3/26/2024,Delhi,121.370188,136.3984259,33.12162389,0.757184519
3/27/2024,Delhi,91.18154735,141.5893351,36.35306456,1.031340771
3/28/2024,Delhi,111.57043,160.4896337,32.35856076,0.712441705
3/29/2024,Delhi,127.290637,129.3165245,33.477064,0.895762138
3/30/2024,Delhi,63.138609,135.6607799,35.20344186,1.12407166
3/31/2024,Delhi,113.969143,150.1131267,49.31848374,1.067992997
1/1/2024,Mumbai,99.68635777,154.827845,38.09346506,0.921030097
1/2/2024,Mumbai,94.64532926,116.1596601,42.80441705,0.801375278
1/3/2024,Mumbai,116.8326253,142.5162426,40.49494982,1.098767355
1/4/2024,Mumbai,112.8662893,102.8812977,37.93096324,1.176035782
1/5/2024,Mumbai,66.03788361,161.6184143,17.44435771,0.795498631
1/6/2024,Mumbai,100.772611,100.2985469,30.14489262,0.705632999
1/7/2024,Mumbai,132.9626986,154.9268327,45.67290278,0.95546498
1/8/2024,Mumbai,92.93136502,101.5057743,37.08162637,0.847701558
1/9/2024,Mumbai,117.1584785,184.233056,54.66578716,1.170510388
1/10/2024,Mumbai,88.02692126,116.5230904,47.66663182,1.071258563
1/11/2024,Mumbai,64.62923099,160.6644538,48.14519822,1.011785118
1/12/2024,Mumbai,96.29892658,125.7705454,25.534653,1.16005959
1/13/2024,Mumbai,93.8177111,142.9960002,57.32721187,1.136900221
1/14/2024,Mumbai,107.4165,154.2618542,55.19994861,1.343917861
1/15/2024,Mumbai,118.5901022,167.4667377,19.05396929,1.024744383
1/16/2024,Mumbai,97.39786092,152.8185969,49.43046087,0.452064567
1/17/2024,Mumbai,88.61375893,158.0971306,35.33154454,0.716618777
1/18/2024,Mumbai,117.3792697,158.3061572,30.2889543,1.062963441
1/19/2024,Mumbai,116.4317142,150.1587794,48.00564803,1.015652035
1/20/2024,Mumbai,92.09542035,115.2173845,39.14069233,1.038858588
1/21/2024,Mumbai,117.5166552,146.5467759,44.57415606,0.807077597
1/22/2024,Mumbai,84.34741688,146.688321,29.45371536,1.164049567
1/23/2024,Mumbai,109.2626066,158.3728729,43.38904125,1.404208712
1/24/2024,Mumbai,90.62271624,83.95676143,41.99300197,0.989879292
1/25/2024,Mumbai,89.64961915,120.6351042,35.60810478,1.036267686
1/26/2024,Mumbai,89.94366599,222.3736104,30.39495618,0.841376527
1/27/2024,Mumbai,54.2275992,157.5445325,19.83593372,0.892109073
1/28/2024,Mumbai,94.48658931,128.708161,57.38872677,1.198878878
1/29/2024,Mumbai,126.3827375,123.5274354,51.28594065,1.099200189
1/30/2024,Mumbai,115.428119,180.8831649,30.91236754,0.915136476
1/31/2024,Mumbai,117.2519202,70.33142721,55.13328083,1.110626413
2/1/2024,Mumbai,99.08592079,156.6152297,29.70064717,0.930011327
2/2/2024,Mumbai,122.0056868,188.9406592,66.96224053,0.985215067
2/3/2024,Mumbai,86.82894066,134.572981,29.81958125,0.984429049
2/4/2024,Mumbai,107.6546486,148.9727316,50.96346846,0.95315684
2/5/2024,Mumbai,93.05098695,132.5619457,23.67365474,0.686446455
2/6/2024,Mumbai,76.41684139,189.0428421,48.95260273,1.274992813
2/7/2024,Mumbai,73.35576691,90.94125931,33.3994368,1.035163791
2/8/2024,Mumbai,109.9738055,181.4391647,42.84279671,1.348533756
2/9/2024,Mumbai,95.54788638,122.6076235,23.18781785,0.822205728
2/10/2024,Mumbai,104.8423592,123.3383923,49.36742464,1.282465541
2/11/2024,Mumbai,52.6082619,175.921569,17.60395941,1.080299811
2/12/2024,Mumbai,124.4974113,151.9456832,27.20310827,0.882913759
2/13/2024,Mumbai,94.76709109,144.5326565,37.97103159,0.978023444
2/14/2024,Mumbai,104.269601,113.7427904,37.5798017,1.303652234
2/15/2024,Mumbai,92.30709154,136.6849172,50.78197304,0.488163067
2/16/2024,Mumbai,123.627572,131.0428873,41.63928572,1.019264271
2/17/2024,Mumbai,118.8493624,141.9721576,33.21974218,1.259569158
2/18/2024,Mumbai,52.71652366,150.6100255,26.52074577,0.847685322
2/19/2024,Mumbai,140.2251336,148.6621372,41.95069697,0.643687429
2/20/2024,Mumbai,85.41910682,155.896722,43.54757693,1.123377311
2/21/2024,Mumbai,100.172558,165.8101263,44.53781913,0.634051918
2/22/2024,Mumbai,100.7401144,173.0370722,45.89879821,0.927228238
2/23/2024,Mumbai,83.88746985,116.4506423,38.68945988,1.226615976
2/24/2024,Mumbai,60.96391797,130.2032481,28.60197545,1.156991504
2/25/2024,Mumbai,88.91380747,135.8808703,37.8305043,1.08907865
2/26/2024,Mumbai,92.15222004,58.61570836,45.43311891,1.087808592
2/27/2024,Mumbai,95.60917943,117.4789014,43.51780111,1.075847107
2/28/2024,Mumbai,90.59934235,143.4980559,30.69843497,0.964282182
2/29/2024,Mumbai,68.9914131,162.5195646,30.55631509,1.04762063
3/1/2024,Mumbai,71.88074167,132.2982706,38.89510595,0.667860038
3/2/2024,Mumbai,102.3029575,138.6255731,22.57643802,0.739351449
3/3/2024,Mumbai,112.1024017,176.8666796,38.6809136,1.080952362
3/4/2024,Mumbai,104.4768713,159.8886895,52.85984007,0.69860032
3/5/2024,Mumbai,113.5292146,138.5397313,37.75741066,0.939550054
3/6/2024,Mumbai,92.49705767,113.2141142,41.83339199,1.334188607
3/7/2024,Mumbai,98.87733959,149.9584487,33.12700963,0.976505091
3/8/2024,Mumbai,109.3233285,138.8927268,35.46195959,1.080652908
3/9/2024,Mumbai,81.6399046,157.5748988,48.20321797,1.271989708
3/10/2024,Mumbai,98.19235985,191.0279172,50.34409886,0.800757472
3/11/2024,Mumbai,75.64122977,140.8510909,50.28935493,0.985542598
3/12/2024,Mumbai,87.98684885,196.5672954,42.86904488,0.535881145
3/13/2024,Mumbai,106.3432125,165.6012184,42.25608654,1.08994242
3/14/2024,Mumbai,98.65448782,110.4481239,36.29295997,0.810876841
3/15/2024,Mumbai,81.34518178,112.1079495,44.52489093,1.019579229
3/16/2024,Mumbai,91.03669275,130.5198622,39.76576895,1.215838946
3/17/2024,Mumbai,59.91568569,161.3062956,34.54288026,0.623082831
3/18/2024,Mumbai,61.08593834,122.6164952,42.19509556,1.078612587
3/19/2024,Mumbai,81.22036855,180.5106297,54.22983497,1.079217317
3/20/2024,Mumbai,88.17194664,183.7325755,47.55395696,1.173481482
3/21/2024,Mumbai,86.8707265,64.96336484,61.16791021,0.677824319
3/22/2024,Mumbai,99.28463856,221.4223605,43.30576756,1.189849295
3/23/2024,Mumbai,69.95206861,96.66999136,34.67297208,1.218149947
3/24/2024,Mumbai,93.07501105,126.1609104,41.9796729,1.216387044
3/25/2024,Mumbai,71.10119602,113.6837102,32.11330745,1.218927675
3/26/2024,Mumbai,104.6964305,213.9646023,49.36445726,0.992980965
3/27/2024,Mumbai,125.3015568,156.3449104,32.95078647,1.135994969
3/28/2024,Mumbai,86.07346692,141.288087,53.27782696,0.979743703
3/29/2024,Mumbai,83.93717225,136.0698693,50.21790586,0.889491865
3/30/2024,Mumbai,92.26258306,134.6912178,41.83925494,0.922902048
3/31/2024,Mumbai,67.96327902,123.3845717,30.67210958,1.248663877
1/1/2024,Chennai,116.2534808,167.6177814,34.94641683,0.836841692
1/2/2024,Chennai,89.84964797,118.4435969,64.97200392,0.55093567
1/3/2024,Chennai,111.2801707,111.4634311,38.95656509,0.802399612
1/4/2024,Chennai,76.44742075,115.794111,57.54986154,0.973402316
1/5/2024,Chennai,84.68595611,166.6736089,40.10349315,1.144006752
1/6/2024,Chennai,63.51486688,159.1081171,47.72694837,0.667680342
1/7/2024,Chennai,108.9639057,200.8854472,39.85142297,1.164281187
1/8/2024,Chennai,113.411409,128.7748291,40.39766735,0.686601058
1/9/2024,Chennai,90.97393926,157.9706392,47.23100494,1.004922425
1/10/2024,Chennai,114.3996746,116.9128136,38.98302725,1.003855877
1/11/2024,Chennai,136.9918249,143.5750003,35.00983362,1.004270245
1/12/2024,Chennai,81.6177311,155.7826155,36.34944783,0.64173449
1/13/2024,Chennai,98.82826898,140.4737072,23.67576698,0.986573169
1/14/2024,Chennai,129.7871192,165.6391124,46.11927193,0.731700655
1/15/2024,Chennai,109.5379674,154.4534874,45.29045238,1.084525724
1/16/2024,Chennai,72.80438549,148.7579757,32.4212914,0.989983181
1/17/2024,Chennai,82.05198146,189.374111,31.41027612,0.820211569
1/18/2024,Chennai,101.4917281,117.6870279,35.75336698,0.83400708
1/19/2024,Chennai,128.2234413,173.5741148,39.42530482,0.92175659
1/20/2024,Chennai,118.8183523,162.1561224,44.98052405,0.994761553
1/21/2024,Chennai,66.23539944,146.6260205,34.67510081,1.129011055
1/22/2024,Chennai,120.2368487,130.2614687,44.68385234,1.3471758
1/23/2024,Chennai,86.64574559,200.4576522,31.47414153,1.004591951
1/24/2024,Chennai,99.77708776,150.344967,31.62321958,0.881763379
1/25/2024,Chennai,86.64559427,159.8088779,43.30035115,1.445188866
1/26/2024,Chennai,127.4197801,134.7047027,43.24869616,1.199423596
1/27/2024,Chennai,100.6120365,147.9107526,40.51574943,1.173455326
1/28/2024,Chennai,83.03358954,140.2299159,44.70433145,1.062289414
1/29/2024,Chennai,104.7916552,138.905965,49.72535789,1.426773649
1/30/2024,Chennai,108.1283099,144.204699,47.55740289,0.892173473
1/31/2024,Chennai,85.00619311,150.9842624,14.17203367,0.769209927
2/1/2024,Chennai,93.04076288,109.3983343,29.67356898,0.912650333
2/2/2024,Chennai,67.14069413,137.8178461,34.64729835,1.005081042
2/3/2024,Chennai,123.0836806,155.1751325,40.21062021,1.019890891
2/4/2024,Chennai,104.5478555,119.4978405,38.85224675,1.061750248
2/5/2024,Chennai,72.58480035,175.9695877,50.81376034,0.873724802
2/6/2024,Chennai,95.17324417,123.6542897,46.99380484,0.787755543
2/7/2024,Chennai,95.5504598,124.2324028,40.50954277,0.641154146
2/8/2024,Chennai,126.5292328,121.0618073,40.59894683,0.957495391
2/9/2024,Chennai,84.75770976,123.3665959,49.36398544,0.894871881
2/10/2024,Chennai,105.4234037,125.9550934,33.52818568,1.09444943
2/11/2024,Chennai,118.6081699,144.7405079,25.78080128,1.399591216
2/12/2024,Chennai,82.86901384,103.752378,65.94424588,0.919193541
2/13/2024,Chennai,70.76534623,129.496807,43.67544896,1.038062312
2/14/2024,Chennai,82.96541605,204.681708,34.78420322,0.763062682
2/15/2024,Chennai,119.213868,189.8718854,31.82506902,0.719730541
2/16/2024,Chennai,120.6087653,88.58029161,27.73378341,1.19348923
2/17/2024,Chennai,98.89294904,142.0818795,43.52816606,0.969445115
2/18/2024,Chennai,74.02626556,188.2822604,53.25014053,1.041066513
2/19/2024,Chennai,100.9026803,220.1887442,37.23567155,0.948084604
2/20/2024,Chennai,107.289625,194.1396587,55.92770754,0.948285474
2/21/2024,Chennai,106.1666249,108.657496,36.88023892,0.831941921
2/22/2024,Chennai,79.86336495,200.4473015,32.07713338,0.893678818
2/23/2024,Chennai,107.3169758,188.934758,44.81115126,1.551871023
2/24/2024,Chennai,98.50664043,157.7614932,42.75600674,1.287009877
2/25/2024,Chennai,110.144779,146.513109,30.52511405,1.048888691
2/26/2024,Chennai,128.0268966,137.6885462,45.28943618,1.049229558
2/27/2024,Chennai,117.2703932,125.8573878,63.46647031,0.744167779
2/28/2024,Chennai,92.6889782,178.1427762,42.96733172,1.165997232
2/29/2024,Chennai,90.07795332,147.7558505,40.12231984,1.313851923
3/1/2024,Chennai,113.8085805,173.9001633,33.42073907,1.193776528
3/2/2024,Chennai,104.5116333,191.6743595,60.14060155,0.938646845
3/3/2024,Chennai,91.87393739,124.0786503,38.56420488,0.92359491
3/4/2024,Chennai,107.190088,145.6629955,36.38400719,1.212917027
3/5/2024,Chennai,81.24239538,162.9932386,35.94058273,1.144873701
3/6/2024,Chennai,127.7052309,140.9070524,44.41032907,1.035758573
3/7/2024,Chennai,84.01155201,157.2236253,42.89120505,1.082574164
3/8/2024,Chennai,96.03202206,152.825769,28.52389055,0.928377185
3/9/2024,Chennai,111.1192536,176.7742166,35.77685176,1.020942806
3/10/2024,Chennai,104.5610665,156.0443984,45.40773585,0.636384474
3/11/2024,Chennai,99.0135186,157.171008,29.99669651,1.334797141
3/12/2024,Chennai,103.2311853,196.9021424,32.09476978,0.818539976
3/13/2024,Chennai,104.4850444,99.63934912,42.14965591,1.019443846
3/14/2024,Chennai,120.3133056,171.0312402,35.8252265,0.780500669
3/15/2024,Chennai,134.2461044,126.2365494,29.54475443,0.783028788
3/16/2024,Chennai,122.3461063,134.4329939,32.46295534,1.027537965
3/17/2024,Chennai,95.86110579,129.6571362,47.53991467,1.213063098
3/18/2024,Chennai,119.7063502,173.0075901,44.02625531,0.6448224
3/19/2024,Chennai,133.3850161,159.0596763,46.08156428,1.222992465
3/20/2024,Chennai,128.6670501,162.5519403,44.35546159,0.880155145
3/21/2024,Chennai,100.661795,124.3751622,32.80059468,0.82128512
3/22/2024,Chennai,96.87952218,181.4727956,71.70974773,1.037899928
3/23/2024,Chennai,73.03173824,187.9494999,36.99216124,0.867878281
3/24/2024,Chennai,104.1969896,112.781262,42.22463164,0.982324895
3/25/2024,Chennai,101.9675581,161.4424876,40.67492257,1.003267617
3/26/2024,Chennai,105.6862904,162.4620188,29.6851754,0.714001748
3/27/2024,Chennai,98.76723896,107.0179353,40.87531471,1.187749375
3/28/2024,Chennai,112.1422334,118.5548878,31.39737548,1.065660259
3/29/2024,Chennai,91.9740439,140.5003411,45.96906481,0.802542661
3/30/2024,Chennai,91.9753058,125.9975257,29.56870502,0.828584362
3/31/2024,Chennai,113.5492434,151.5546117,31.20839371,0.953779678
1/1/2024,Kolkata,67.22385386,128.0006158,61.49574535,0.98195123
1/2/2024,Kolkata,114.6331785,148.0353487,43.48169235,1.132651618
1/3/2024,Kolkata,77.90766805,149.0719123,55.78865194,0.84089989
1/4/2024,Kolkata,88.67120293,140.7692617,42.69024073,1.104983573
1/5/2024,Kolkata,125.3482331,164.984947,39.37946874,1.251833426
1/6/2024,Kolkata,114.0822204,105.1296145,65.2636824,1.353984278
1/7/2024,Kolkata,96.63571554,161.3373031,53.2435875,0.965559841
1/8/2024,Kolkata,114.6070358,183.1373542,29.85174092,0.879533629
1/9/2024,Kolkata,118.428168,163.8244343,49.2379656,0.973486397
1/10/2024,Kolkata,94.21989578,90.04081573,28.53999573,1.009413219
1/11/2024,Kolkata,116.4911444,165.935351,38.71758026,0.945645687
1/12/2024,Kolkata,104.3435927,152.3463354,54.04545515,1.029288154
1/13/2024,Kolkata,70.37508076,111.8232559,55.18759337,0.765767908
1/14/2024,Kolkata,115.2899491,141.9488179,38.30241706,0.973173443
1/15/2024,Kolkata,124.4276992,144.2147451,39.66680717,0.693839301
1/16/2024,Kolkata,104.1338102,165.9312752,42.39145581,1.279579252
1/17/2024,Kolkata,101.1034271,158.9693237,56.4850401,0.689997162
1/18/2024,Kolkata,90.88349304,192.7847626,49.36129148,1.13567602
1/19/2024,Kolkata,116.6530148,159.8119863,56.31597428,1.075551834
1/20/2024,Kolkata,104.7973421,154.7687602,41.92863956,0.768596544
1/21/2024,Kolkata,115.4134611,146.086808,58.21915098,0.984869906
1/22/2024,Kolkata,108.4183657,157.3980656,33.74442965,1.198427366
1/23/2024,Kolkata,138.1012728,149.5566834,36.99521214,0.928994254
1/24/2024,Kolkata,62.15276213,144.6656057,42.50998116,1.210951585
1/25/2024,Kolkata,119.2009548,137.5050275,37.23177005,1.224781061
1/26/2024,Kolkata,96.53072206,134.6991138,53.92518449,1.207517133
1/27/2024,Kolkata,100.3758358,132.1866766,19.88119681,1.117940721
1/28/2024,Kolkata,82.07260555,91.11803973,55.84820527,1.129593558
1/29/2024,Kolkata,77.21983614,113.5679585,48.70961782,0.824405877
1/30/2024,Kolkata,125.9229974,168.4937794,45.36596521,1.080939091
1/31/2024,Kolkata,103.8290174,176.415336,35.45919637,1.017190395
2/1/2024,Kolkata,115.0389318,166.8896916,28.05013195,0.899918067
2/2/2024,Kolkata,105.0560701,137.7595587,57.74658561,0.921369361
2/3/2024,Kolkata,96.75563105,173.0829053,43.30532743,0.970945109
2/4/2024,Kolkata,84.87012942,159.0454217,50.3909644,1.095819045
2/5/2024,Kolkata,84.43632957,202.1032487,25.5342211,0.683462872
2/6/2024,Kolkata,119.2111445,156.7752144,34.50501454,0.780285854
2/7/2024,Kolkata,146.4159968,153.5127262,45.34201171,1.063577019
2/8/2024,Kolkata,108.6961592,166.2028338,47.3242401,0.92495552
2/9/2024,Kolkata,94.16716027,97.76931575,32.19695593,1.054222559
2/10/2024,Kolkata,120.9004675,167.9711858,36.59307656,0.747365418
2/11/2024,Kolkata,44.45281709,184.5520192,34.10771013,0.910306999
2/12/2024,Kolkata,102.6314794,107.8331986,36.5021782,1.40469439
2/13/2024,Kolkata,110.1077388,160.7774747,24.17505522,1.448720379
2/14/2024,Kolkata,71.54410183,207.6697427,18.84943985,1.281073088
2/15/2024,Kolkata,132.3610854,125.2677264,44.22580372,1.109496114
2/16/2024,Kolkata,83.72411034,106.5264717,26.82282657,1.108201644
2/17/2024,Kolkata,98.29768795,133.070969,49.66768011,1.101613582
2/18/2024,Kolkata,84.89074547,113.9639544,45.23261739,0.892483326
2/19/2024,Kolkata,101.9840973,197.2889692,45.0232824,0.8275466
2/20/2024,Kolkata,103.2132238,121.4206514,56.08522156,0.88768425
2/21/2024,Kolkata,104.1454149,159.2319772,41.59250468,0.608290209
2/22/2024,Kolkata,71.07157872,136.4294917,43.19431833,0.972444157
2/23/2024,Kolkata,80.85705054,109.5472704,35.98442456,0.906304791
2/24/2024,Kolkata,110.2567292,140.2104461,46.02707656,0.881070046
2/25/2024,Kolkata,94.88084662,139.5586086,32.17633033,1.125023731
2/26/2024,Kolkata,83.72808006,134.3507547,39.26880354,0.740524069
2/27/2024,Kolkata,93.50130083,128.6608092,36.11845808,0.988014399
2/28/2024,Kolkata,84.00172754,143.3977266,53.08668752,0.994840288
2/29/2024,Kolkata,122.9052435,160.3948333,47.7416061,0.845108206
3/1/2024,Kolkata,102.0981433,154.0173877,33.87374261,0.835434335
3/2/2024,Kolkata,70.19469224,194.8841891,30.27597111,1.269244215
3/3/2024,Kolkata,90.65013653,124.125201,46.2251914,0.873761612
3/4/2024,Kolkata,111.3691784,140.0156471,44.80424496,0.806362787
3/5/2024,Kolkata,116.6270212,164.6391805,30.8034931,1.528587144
3/6/2024,Kolkata,110.8024605,218.7140121,56.00267819,0.962233044
3/7/2024,Kolkata,91.75456491,137.8962245,21.6997145,0.860832976
3/8/2024,Kolkata,104.9353205,195.7787268,32.27228117,1.17641132
3/9/2024,Kolkata,74.94813317,132.4103992,35.42359406,1.074362216
3/10/2024,Kolkata,109.1461929,178.8702523,47.7083696,1.048633643
3/11/2024,Kolkata,107.8072989,197.6559207,34.89073819,1.154945664
3/12/2024,Kolkata,63.83712147,162.3400273,35.16750458,1.000514236
3/13/2024,Kolkata,120.8017249,154.9393143,48.85187541,1.294752963
3/14/2024,Kolkata,107.7818794,185.1312319,36.73439022,0.998358024
3/15/2024,Kolkata,89.54761167,181.2893278,44.14091354,0.898553108
3/16/2024,Kolkata,103.0933767,181.2470517,39.60732009,0.810213438
3/17/2024,Kolkata,102.6382351,90.58303227,47.68770644,0.915734483
3/18/2024,Kolkata,90.61378527,176.2708704,26.34837123,1.389419729
3/19/2024,Kolkata,90.39515917,134.3024717,50.21224743,1.141739055
3/20/2024,Kolkata,149.0245944,143.6638205,38.79593361,0.704136804
3/21/2024,Kolkata,93.35795445,128.3570611,35.51232987,0.651162449
3/22/2024,Kolkata,133.2121512,107.5018955,11.97797202,0.762315116
3/23/2024,Kolkata,87.92320894,115.5133781,50.98303541,0.972432164
3/24/2024,Kolkata,100.5077121,168.3117529,42.86012527,1.195713459
3/25/2024,Kolkata,77.81044893,133.574457,46.65967146,0.493089108
3/26/2024,Kolkata,72.49631041,165.029767,35.19750965,1.18722151
3/27/2024,Kolkata,116.1836059,114.0572136,44.06657087,1.240339571
3/28/2024,Kolkata,102.948688,120.6760537,48.79389942,1.127084905
3/29/2024,Kolkata,110.8522157,171.4781668,10.0538714,1.176187512
3/30/2024,Kolkata,136.1626362,163.0991542,41.92728996,1.139287735
3/31/2024,Kolkata,106.7645095,169.5534379,40.01471,0.846659029
1/1/2024,Bangalore,79.91354576,120.0542482,26.26957449,0.786451598
1/2/2024,Bangalore,135.2253225,172.6228699,33.74972609,0.921921461
1/3/2024,Bangalore,102.2511506,130.3336491,40.67516857,1.155520828
1/4/2024,Bangalore,99.28514533,160.0804723,48.86491539,0.945573649
1/5/2024,Bangalore,105.695812,140.7186722,39.7147113,0.935053947
1/6/2024,Bangalore,89.42260293,155.2113556,45.66545316,1.029260889
1/7/2024,Bangalore,109.9745392,127.8620466,27.96264808,1.083408701
1/8/2024,Bangalore,113.7576278,151.495718,53.4803578,1.18153976
1/9/2024,Bangalore,153.6114168,143.9757446,30.01151204,0.851972642
1/10/2024,Bangalore,88.69004387,164.2809415,18.41931436,1.263710204
1/11/2024,Bangalore,95.21406818,142.5961933,29.20656834,0.97715489
1/12/2024,Bangalore,100.2647954,146.3416522,43.39059256,0.882073592
1/13/2024,Bangalore,82.08368479,166.4498439,40.98667454,1.039436211
1/14/2024,Bangalore,121.1805451,119.3230683,31.44759543,1.25144393
1/15/2024,Bangalore,70.34233285,110.7176356,48.17861831,1.047640038
1/16/2024,Bangalore,102.1046427,147.2502178,40.31267547,0.981577577
1/17/2024,Bangalore,127.1088541,138.0555561,38.38626464,1.358889761
1/18/2024,Bangalore,100.550194,216.9604917,38.95020299,1.273482996
1/19/2024,Bangalore,66.89311923,154.6093338,24.15526437,1.168890861
1/20/2024,Bangalore,75.74264368,158.5130866,37.17804123,0.768359363
1/21/2024,Bangalore,67.61280034,134.6687861,57.40629446,0.941302989
1/22/2024,Bangalore,118.3444308,148.288714,48.76726774,0.634617724
1/23/2024,Bangalore,91.93623386,178.4821657,38.36745051,0.982708943
1/24/2024,Bangalore,91.39076176,184.4813815,42.97514354,1.008804455
1/25/2024,Bangalore,112.8610909,167.6467479,42.12587046,1.309406299
1/26/2024,Bangalore,98.79424933,158.3424314,33.57047447,1.030023045
1/27/2024,Bangalore,131.7552305,130.7022719,28.66407174,1.199351929
1/28/2024,Bangalore,97.02467696,152.8801261,39.54886696,1.015824345
1/29/2024,Bangalore,117.0106137,124.8262743,29.88225916,1.016993627
1/30/2024,Bangalore,67.87120621,108.8083939,58.66683148,1.151493666
1/31/2024,Bangalore,99.79887056,187.1402081,29.5940077,0.936879375
2/1/2024,Bangalore,112.4690722,176.7201504,45.12916847,0.491752238
2/2/2024,Bangalore,80.63835765,164.3120428,36.44048507,1.508046324
2/3/2024,Bangalore,118.531166,166.7424564,28.83050446,0.992940652
2/4/2024,Bangalore,104.8240793,183.8335089,48.81131097,1.206597839
2/5/2024,Bangalore,81.52175968,192.3645509,26.19569248,0.892817088
2/6/2024,Bangalore,108.6154227,145.5032522,29.93963142,0.835690035
2/7/2024,Bangalore,69.03491354,165.9592392,52.60568845,0.979921299
2/8/2024,Bangalore,91.9930237,105.8303121,49.13201924,1.442260867
2/9/2024,Bangalore,64.05088391,118.0970119,33.20406957,0.887136418
2/10/2024,Bangalore,104.546919,198.4274864,50.08597287,1.105519477
2/11/2024,Bangalore,85.52142592,116.411153,32.03224694,1.30961336
2/12/2024,Bangalore,98.76513397,136.5949124,38.1624427,1.164923644
2/13/2024,Bangalore,73.74300651,192.4462241,41.56476257,0.956731204
2/14/2024,Bangalore,108.8569223,156.5519122,36.55803544,0.949457866
2/15/2024,Bangalore,82.62274906,169.6917225,34.68006191,0.808748316
2/16/2024,Bangalore,103.3172705,189.8742385,39.51655376,0.878379749
2/17/2024,Bangalore,108.0779204,208.1013739,25.48094471,1.076440558
2/18/2024,Bangalore,104.1017325,184.8460141,49.90909174,0.962658178
2/19/2024,Bangalore,66.30965489,174.196913,31.6480731,0.810651918
2/20/2024,Bangalore,122.9670116,122.6744887,54.0284474,1.067168944
2/21/2024,Bangalore,106.382368,159.2179434,23.61576374,0.644722277
2/22/2024,Bangalore,104.3110611,167.0402208,40.82611032,0.835693097
2/23/2024,Bangalore,100.3784421,147.5389754,30.42841902,1.202794431
2/24/2024,Bangalore,65.39447877,167.6622722,43.84323405,1.201942371
2/25/2024,Bangalore,79.89376255,153.0422144,61.71164949,1.132414858
2/26/2024,Bangalore,102.0116242,166.1748382,40.86176842,1.438179603
2/27/2024,Bangalore,119.6727239,147.4315514,42.52331431,0.921840401
2/28/2024,Bangalore,124.1970025,107.8168569,23.9526147,1.29174295
2/29/2024,Bangalore,143.0623959,164.0491472,41.12737941,1.131453538
3/1/2024,Bangalore,87.05892947,155.1373064,40.38908706,1.12531285
3/2/2024,Bangalore,68.84002944,134.7889569,48.44995603,0.864881234
3/3/2024,Bangalore,80.13277249,211.2621645,40.38118,0.884216372
3/4/2024,Bangalore,66.15259125,171.8803904,46.99136154,0.94024808
3/5/2024,Bangalore,77.95539618,149.2635173,31.64143933,0.811581282
3/6/2024,Bangalore,97.93574497,118.458288,42.46648955,1.121598502
3/7/2024,Bangalore,83.20735106,108.9526471,55.61279599,0.811945953
3/8/2024,Bangalore,86.8011459,156.390515,45.99369373,0.948736621
3/9/2024,Bangalore,109.2158866,137.9704153,30.28829335,1.285263372
3/10/2024,Bangalore,149.7688323,200.879086,41.41806639,1.366687072
3/11/2024,Bangalore,107.1140703,135.6814119,44.66379574,0.981121499
3/12/2024,Bangalore,80.33763633,123.0503409,48.02051739,0.630693604
3/13/2024,Bangalore,112.0827348,101.1124919,18.78823555,0.632230679
3/14/2024,Bangalore,139.3352794,144.1129811,40.8658318,1.283851009
3/15/2024,Bangalore,118.683595,108.2548419,48.69006343,1.036836253
3/16/2024,Bangalore,93.16643805,150.7287274,52.79812021,0.822806704
3/17/2024,Bangalore,108.0177136,149.7102829,22.02835385,0.839549366
3/18/2024,Bangalore,103.8642711,188.9202627,50.01331017,1.119442501
3/19/2024,Bangalore,83.69448678,204.0364197,42.15240468,0.798726896
3/20/2024,Bangalore,96.34190038,176.8874528,40.07617498,1.177372937
3/21/2024,Bangalore,122.0738791,162.0159205,31.42297377,1.027090933
3/22/2024,Bangalore,100.9033171,205.78039,23.73678062,0.97303551
3/23/2024,Bangalore,88.31812906,160.0531686,15.62435641,1.222984912
3/24/2024,Bangalore,100.2749697,94.65896509,36.38886865,1.121792468
3/25/2024,Bangalore,68.17104249,150.0966665,29.42526352,0.888802994
3/26/2024,Bangalore,100.5347677,155.5035076,35.29257502,1.054559278
3/27/2024,Bangalore,116.3595521,141.6325717,54.31567757,1.292442834
3/28/2024,Bangalore,91.42595869,130.8647833,23.35827015,0.974686134
3/29/2024,Bangalore,92.7312444,173.3715366,24.90338394,0.944521722
3/30/2024,Bangalore,119.3748879,128.0892871,32.37638463,0.710611933
3/31/2024,Bangalore,152.4114769,127.5758047,26.99653168,0.839229919
1/1/2024,Hyderabad,84.51409839,141.9183066,48.25372232,0.940335366
1/2/2024,Hyderabad,81.5435337,106.4598451,40.21857358,1.008507815
1/3/2024,Hyderabad,130.618647,152.7734321,39.00991689,0.789869233
1/4/2024,Hyderabad,93.8809485,136.8457663,36.29835835,0.808148921
1/5/2024,Hyderabad,110.7665921,145.7266375,37.9964652,0.657190777
1/6/2024,Hyderabad,109.8728818,164.6104598,31.60870597,1.198024277
1/7/2024,Hyderabad,72.7048354,149.3439027,37.2879266,0.736565042
1/8/2024,Hyderabad,103.7940522,201.0771046,40.6763423,0.907395649
1/9/2024,Hyderabad,108.9404831,153.1715999,40.27762132,0.914891557
1/10/2024,Hyderabad,128.4395112,163.6909009,34.71329341,0.978399233
1/11/2024,Hyderabad,85.18266592,131.7512655,33.59274276,0.773137681
1/12/2024,Hyderabad,115.5455393,141.2687561,45.54127578,0.86597482
1/13/2024,Hyderabad,98.79275011,128.6687821,47.19668171,0.950316139
1/14/2024,Hyderabad,85.38252828,100.7489031,42.75666549,0.85832299
1/15/2024,Hyderabad,99.68441566,135.2480968,49.54189581,1.10882895
1/16/2024,Hyderabad,108.9442417,131.5163663,44.66290044,1.342966322
1/17/2024,Hyderabad,83.35627932,155.1701742,23.50783026,1.279712418
1/18/2024,Hyderabad,92.04175803,173.4773664,22.76771749,1.359507877
1/19/2024,Hyderabad,92.86256944,166.3697197,41.50818206,0.948905843
1/20/2024,Hyderabad,133.7158461,100.5586138,42.9871366,1.182129134
1/21/2024,Hyderabad,99.40287757,146.4548765,38.57312288,0.754472716
1/22/2024,Hyderabad,100.7625477,165.3815257,40.68599227,0.94554478
1/23/2024,Hyderabad,90.20549955,141.6210999,52.57744217,0.582673004
1/24/2024,Hyderabad,100.8014291,140.1673525,54.55807952,1.011098445
1/25/2024,Hyderabad,129.698512,86.28329946,44.59584905,1.056011572
1/26/2024,Hyderabad,127.8106793,100.7595417,38.44964192,1.013212052
1/27/2024,Hyderabad,90.08409011,186.4973314,36.61317815,1.406952509
1/28/2024,Hyderabad,121.0835582,178.5250109,45.59298981,0.787260882
1/29/2024,Hyderabad,91.37807325,167.182541,46.77557034,1.261436769
1/30/2024,Hyderabad,90.65117981,124.1953985,48.59104193,0.838074685
1/31/2024,Hyderabad,117.4662367,185.9920853,44.56153036,0.928484194
2/1/2024,Hyderabad,100.8216445,167.8039776,40.10185519,1.439659268
2/2/2024,Hyderabad,80.18658139,119.9199424,30.23104613,0.882084015
2/3/2024,Hyderabad,56.4213696,131.1104872,33.46715298,1.015702805
2/4/2024,Hyderabad,108.3560117,112.7935099,49.00054243,1.360448446
2/5/2024,Hyderabad,95.83429794,197.2311371,41.98989494,1.397746384
2/6/2024,Hyderabad,122.3456693,103.082861,40.18627371,1.210864995
2/7/2024,Hyderabad,100.6109316,148.8934941,52.6976475,0.858029164
2/8/2024,Hyderabad,100.3503123,159.7087729,36.6620904,0.995974179
2/9/2024,Hyderabad,115.5004653,162.9851286,31.91282468,0.779175203
2/10/2024,Hyderabad,84.21795639,150.0374537,38.40060212,0.833608501
2/11/2024,Hyderabad,88.03699095,104.3988214,44.17853703,0.991996255
2/12/2024,Hyderabad,74.80425313,150.8586151,53.42622011,0.852012829
2/13/2024,Hyderabad,126.3027533,140.2962758,41.97828168,1.01955016
2/14/2024,Hyderabad,128.0304683,154.7530154,28.58098581,0.737805926
2/15/2024,Hyderabad,69.34157893,98.64089508,40.46135059,0.808325104
2/16/2024,Hyderabad,98.38376774,128.8842289,32.29215699,0.903830932
2/17/2024,Hyderabad,114.0717111,177.8743544,43.71172553,0.80203549
2/18/2024,Hyderabad,112.8726255,170.6669,42.74647204,0.879275913
2/19/2024,Hyderabad,114.1771915,162.6845572,8.831434084,1.128890407
2/20/2024,Hyderabad,61.72514658,169.9068473,38.45927602,1.238722336
2/21/2024,Hyderabad,98.03677578,123.4015722,38.52646335,1.211961259
2/22/2024,Hyderabad,100.5249324,146.5699452,47.43553516,1.042071873
2/23/2024,Hyderabad,99.88145188,190.9818021,55.55114032,1.122665245
2/24/2024,Hyderabad,94.28081697,194.9073298,51.83119557,1.143779433
2/25/2024,Hyderabad,75.67846839,154.2201571,32.56327825,0.96819755
2/26/2024,Hyderabad,104.8011386,153.0047822,35.24824894,1.25459075
2/27/2024,Hyderabad,66.07737466,171.9055059,21.42516728,1.076519627
2/28/2024,Hyderabad,82.26191347,176.3491127,40.86452524,1.049541276
2/29/2024,Hyderabad,79.63441349,130.362896,42.07217393,1.116713985
3/1/2024,Hyderabad,158.5819248,156.6857497,49.76037525,0.688613213
3/2/2024,Hyderabad,73.40216277,139.3351568,28.02572304,1.297279851
3/3/2024,Hyderabad,91.79562614,191.4654567,54.86782474,1.008555944
3/4/2024,Hyderabad,110.0359951,148.3170158,45.38437,1.09666837
3/5/2024,Hyderabad,97.52700748,165.1490994,57.23696276,1.142603246
3/6/2024,Hyderabad,106.5159923,153.7430856,29.87326876,0.794540625
3/7/2024,Hyderabad,106.4671306,108.9182663,32.33672401,1.256302268
3/8/2024,Hyderabad,138.2845939,100.0213177,56.26649562,0.957712342
3/9/2024,Hyderabad,99.69989826,146.5976511,50.80544127,0.678464684
3/10/2024,Hyderabad,109.1232722,121.6538941,45.70788529,1.308559268
3/11/2024,Hyderabad,99.99165347,161.2246526,44.09551778,0.8400813
3/12/2024,Hyderabad,130.232787,201.1940474,47.01783372,1.014657086
3/13/2024,Hyderabad,90.76212369,131.2052933,57.10836583,1.282883009
3/14/2024,Hyderabad,98.72677022,102.6020841,11.6798813,0.783314668
3/15/2024,Hyderabad,97.38759208,192.020671,33.48343791,1.100963091
3/16/2024,Hyderabad,126.0636192,153.8560895,38.57552131,0.738247297
3/17/2024,Hyderabad,75.95049384,162.482989,37.99092467,1.024506264
3/18/2024,Hyderabad,99.05444569,169.9243215,32.15312589,0.932883871
3/19/2024,Hyderabad,137.9236446,126.0064158,37.18424569,0.88212266
3/20/2024,Hyderabad,108.8956272,180.6717697,35.01788381,0.913717132
3/21/2024,Hyderabad,94.42036789,165.8950135,32.60604697,0.924808007
3/22/2024,Hyderabad,52.55612257,108.5476497,38.87556244,1.179572835
3/23/2024,Hyderabad,105.9015157,117.0369463,25.99743792,1.034936019
3/24/2024,Hyderabad,66.94392715,181.9778046,40.63896192,0.678535968
3/25/2024,Hyderabad,80.68092282,128.2706604,32.2680749,0.702013398
3/26/2024,Hyderabad,82.50674956,129.4679533,32.88714244,1.225591325
3/27/2024,Hyderabad,102.0965561,120.2022835,36.65378394,0.824088581
3/28/2024,Hyderabad,93.99986682,176.2652746,42.52270781,1.457120236
3/29/2024,Hyderabad,107.5185485,122.5921647,48.09740731,1.215986243
3/30/2024,Hyderabad,121.8833398,117.1727714,38.52362585,1.226362391
3/31/2024,Hyderabad,66.30542082,135.0174972,25.73062315,0.813485954
1/1/2024,Ahmedabad,79.75085695,187.517095,37.65461965,0.827328884
1/2/2024,Ahmedabad,79.28788537,154.2500149,39.88864373,1.268814875
1/3/2024,Ahmedabad,110.0003339,107.0460667,33.71019292,1.214014502
1/4/2024,Ahmedabad,87.57834605,202.0371652,29.01710569,1.114522671
1/5/2024,Ahmedabad,82.77568893,134.712146,50.98581648,0.974586567
1/6/2024,Ahmedabad,116.2690449,164.1987178,47.53865684,0.822362358
1/7/2024,Ahmedabad,95.56851204,162.7275785,31.50927127,1.325900009
1/8/2024,Ahmedabad,84.45543916,140.9998927,29.93440935,0.571338387
1/9/2024,Ahmedabad,135.9383705,143.8698319,35.52085162,0.960256988
1/10/2024,Ahmedabad,128.3972794,121.0468018,46.79567866,0.91524235
1/11/2024,Ahmedabad,88.06658289,167.0117464,49.88240574,0.89721941
1/12/2024,Ahmedabad,84.62301681,114.9271276,51.03503767,0.884948801
1/13/2024,Ahmedabad,63.01738545,192.2985642,26.30140498,1.155892106
1/14/2024,Ahmedabad,103.6685729,158.637463,34.15624725,1.073118292
1/15/2024,Ahmedabad,66.64440214,167.6411325,55.57010042,1.176805439
1/16/2024,Ahmedabad,59.60919829,120.4737299,38.12205078,1.097387461
1/17/2024,Ahmedabad,97.86694653,135.2035684,45.95300308,1.232830353
1/18/2024,Ahmedabad,95.35411986,171.867896,14.20949255,0.812498123
1/19/2024,Ahmedabad,93.57482126,135.3430134,43.32798217,1.202750109
1/20/2024,Ahmedabad,110.1333805,131.3332358,24.77231909,1.111392824
1/21/2024,Ahmedabad,63.23646521,169.5911185,38.11550918,0.764833002
1/22/2024,Ahmedabad,105.7451462,149.9137169,39.63402707,0.983155341
1/23/2024,Ahmedabad,108.3904822,177.7330207,44.96615198,1.202426638
1/24/2024,Ahmedabad,99.11720562,198.5537797,45.71109822,0.891261194
1/25/2024,Ahmedabad,78.12209887,156.1739041,26.93478477,0.805324806
1/26/2024,Ahmedabad,104.7817416,131.7633766,30.6668376,0.993104991
1/27/2024,Ahmedabad,101.453558,143.8249792,36.22453081,1.170928546
1/28/2024,Ahmedabad,106.848547,143.2972166,64.64321934,1.038766347
1/29/2024,Ahmedabad,122.6401027,133.1705699,26.37059053,0.841648697
1/30/2024,Ahmedabad,94.63980433,135.1017537,53.36386182,0.975991776
1/31/2024,Ahmedabad,109.2293775,148.6055653,35.66445667,1.007599203
2/1/2024,Ahmedabad,134.2810294,126.9615422,47.66990451,0.79479855
2/2/2024,Ahmedabad,90.80747115,150.1074962,43.2637509,1.296625726
2/3/2024,Ahmedabad,98.99834717,124.6915318,46.50041973,0.927166038
2/4/2024,Ahmedabad,104.7736314,146.5133268,20.56543149,1.101659837
2/5/2024,Ahmedabad,111.6673601,177.798143,58.00462762,0.760979245
2/6/2024,Ahmedabad,110.3301489,162.2788499,35.80918007,1.079421247
2/7/2024,Ahmedabad,109.9929391,113.4394851,42.46222761,0.816403139
2/8/2024,Ahmedabad,86.96287,96.75765554,35.26639074,0.959285866
2/9/2024,Ahmedabad,110.9971373,150.0269978,24.57711849,1.172429611
2/10/2024,Ahmedabad,97.62826753,164.6511177,49.65936118,1.28452095
2/11/2024,Ahmedabad,139.2245398,147.8328372,43.11124446,0.784327782
2/12/2024,Ahmedabad,121.2320034,114.4533767,21.94748311,1.166077201
2/13/2024,Ahmedabad,89.5660695,173.3282184,44.08074649,0.67399947
2/14/2024,Ahmedabad,45.60641271,117.1019476,40.16491487,0.755644733
2/15/2024,Ahmedabad,86.94477101,106.2317781,41.6987796,1.018165185
2/16/2024,Ahmedabad,90.37214752,191.911959,54.97715027,1.113053441
2/17/2024,Ahmedabad,64.00457637,116.8592956,44.07130331,0.874288484
2/18/2024,Ahmedabad,90.25817137,176.9690218,45.10874822,1.262830887
2/19/2024,Ahmedabad,91.41581407,191.2567626,34.45868753,1.299898298
2/20/2024,Ahmedabad,102.1166929,124.1847076,23.68780492,0.939705537
2/21/2024,Ahmedabad,94.87534604,175.7298573,38.89409497,0.913513604
2/22/2024,Ahmedabad,121.5407495,143.2552032,34.23758184,1.114921783
2/23/2024,Ahmedabad,90.20343562,169.7640643,34.03082888,0.955408163
2/24/2024,Ahmedabad,103.0435395,138.7762104,39.86548531,1.163094394
2/25/2024,Ahmedabad,108.2120358,164.4290955,33.64569561,1.170565954
2/26/2024,Ahmedabad,113.3912468,180.1325758,32.73634168,0.965508281
2/27/2024,Ahmedabad,112.670678,131.7355465,37.7387753,1.385161147
2/28/2024,Ahmedabad,139.0352202,187.1982165,49.38585136,0.79614977
2/29/2024,Ahmedabad,110.2512446,139.2265021,29.41428102,0.898198832
3/1/2024,Ahmedabad,102.3133015,133.5793328,34.49200574,1.1584083
3/2/2024,Ahmedabad,102.8821297,157.0037424,41.11872397,0.864859371
3/3/2024,Ahmedabad,72.58856164,159.3169413,34.92963368,0.597843546
3/4/2024,Ahmedabad,92.14865484,117.2334618,46.98650234,1.104325045
3/5/2024,Ahmedabad,109.9378629,130.0487515,47.31551582,1.063929957
3/6/2024,Ahmedabad,91.80290923,136.399877,48.92708153,0.905279189
3/7/2024,Ahmedabad,106.0731295,181.0187096,59.09342626,1.332774625
3/8/2024,Ahmedabad,118.0164553,104.8226595,33.10951571,0.890382563
3/9/2024,Ahmedabad,133.0629967,129.0204618,43.86166377,1.020173413
3/10/2024,Ahmedabad,81.29745581,161.4547203,43.98296086,0.748845024
3/11/2024,Ahmedabad,124.4575489,87.40469913,34.09242847,1.194394059
3/12/2024,Ahmedabad,76.13484333,160.5079776,27.03639612,0.981395171
3/13/2024,Ahmedabad,53.72453774,124.7228489,24.57078553,0.919647252
3/14/2024,Ahmedabad,91.69537208,129.7900749,47.97913197,0.822624079
3/15/2024,Ahmedabad,112.6877335,198.8782731,41.3906415,0.828465959
3/16/2024,Ahmedabad,75.0132297,128.706447,47.04642721,1.031118147
3/17/2024,Ahmedabad,118.7359043,173.1099264,41.40810652,1.094697652
3/18/2024,Ahmedabad,137.1049242,192.4696868,36.97253983,1.197935888
3/19/2024,Ahmedabad,111.7170161,184.0916423,46.71616572,0.805166513
3/20/2024,Ahmedabad,67.60630869,167.1788105,59.02618198,0.844867178
3/21/2024,Ahmedabad,96.23820524,118.9275682,51.77829505,0.538966629
3/22/2024,Ahmedabad,54.72679398,161.2505976,39.17656353,0.904075397
3/23/2024,Ahmedabad,93.97810427,166.1096374,35.86196011,0.780615006
3/24/2024,Ahmedabad,81.45274144,176.6501659,34.75258045,0.722944483
3/25/2024,Ahmedabad,102.0435665,165.1498417,53.28960748,1.043580677
3/26/2024,Ahmedabad,86.80577506,164.220236,47.2717487,0.992218939
3/27/2024,Ahmedabad,99.10801215,157.8039871,39.30143502,1.050022781
3/28/2024,Ahmedabad,79.56173351,115.4868669,31.6388862,1.128442189
3/29/2024,Ahmedabad,105.1759513,181.2071689,38.13309078,0.771271721
3/30/2024,Ahmedabad,122.8910707,149.4369883,52.83455036,1.119589298
3/31/2024,Ahmedabad,143.7723736,143.4068104,49.00723905,1.178272821
1/1/2024,Pune,88.89747309,144.8255305,25.38261658,0.690240773
1/2/2024,Pune,102.531376,173.7902121,46.38024033,1.06800492
1/3/2024,Pune,117.2603431,132.3090661,37.27467252,1.147504303
1/4/2024,Pune,108.6623746,143.6943356,53.20794386,0.74159975
1/5/2024,Pune,89.62642625,141.4980668,48.1653488,1.00047704
1/6/2024,Pune,74.77016506,165.4201254,50.87546315,1.147860907
1/7/2024,Pune,112.3830984,93.7705951,31.00113523,1.096416122
1/8/2024,Pune,98.9022363,165.6767281,27.33657323,0.987701047
1/9/2024,Pune,72.20437962,91.38964312,42.95779089,1.168517759
1/10/2024,Pune,104.9123286,149.0101056,24.37985658,1.201221413
1/11/2024,Pune,99.11910205,208.7868602,49.42314308,0.598974915
1/12/2024,Pune,115.1009936,108.1039429,32.4050451,0.949848665
1/13/2024,Pune,98.11875099,161.9269565,29.77144959,0.769861599
1/14/2024,Pune,112.012104,149.602492,41.74373049,0.56126333
1/15/2024,Pune,96.45725233,123.2781245,30.79373627,1.184386961
1/16/2024,Pune,78.08657542,117.2131018,36.68989397,1.090057766
1/17/2024,Pune,82.31970541,187.0243211,54.49847525,0.823710587
1/18/2024,Pune,95.09836489,126.6397358,23.14617895,1.06060221
1/19/2024,Pune,114.6718974,210.3559279,31.02590496,1.267247018
1/20/2024,Pune,126.8470738,155.9355993,46.0216349,1.17465461
1/21/2024,Pune,139.481999,164.3342569,39.39862114,0.82676624
1/22/2024,Pune,106.1064151,180.724948,42.44610361,0.84401535
1/23/2024,Pune,101.781524,146.1253955,42.64738758,0.667630327
1/24/2024,Pune,111.0157723,167.8626947,44.44853438,0.999247437
1/25/2024,Pune,63.88127475,149.4203162,50.60714999,0.827974225
1/26/2024,Pune,60.21461068,103.7832608,43.14025692,1.074575202
1/27/2024,Pune,117.7258639,148.3422301,24.99671624,0.836299172
1/28/2024,Pune,116.3767875,154.2148772,46.49829635,1.086957761
1/29/2024,Pune,95.90078897,144.7797949,58.5710227,1.082934853
1/30/2024,Pune,97.42824899,163.6625997,42.2290582,0.568528725
1/31/2024,Pune,113.0016903,204.6281782,32.19720132,1.29080715
2/1/2024,Pune,94.86260605,158.8041419,50.70360017,0.855999714
2/2/2024,Pune,124.8498783,113.5734816,31.24845251,0.881295937
2/3/2024,Pune,113.2401073,139.7737677,24.8002554,0.956693426
2/4/2024,Pune,84.31557235,171.9388086,36.56764946,1.014154815
2/5/2024,Pune,91.89055086,163.018169,38.16409237,1.065039743
2/6/2024,Pune,48.13222871,152.9175263,44.1391367,0.960143989
2/7/2024,Pune,113.3878494,172.1582109,53.04213892,1.020962322
2/8/2024,Pune,61.72398591,81.43501654,23.98159048,0.992418588
2/9/2024,Pune,96.85389423,158.2871956,33.74754077,0.852701766
2/10/2024,Pune,111.1009588,169.6777323,37.43349865,0.992304668
2/11/2024,Pune,108.0862869,165.1303073,28.560193,0.856085229
2/12/2024,Pune,75.38907909,134.7928016,48.12333589,1.109254373
2/13/2024,Pune,78.03804079,165.3680018,40.85843105,0.901214659
2/14/2024,Pune,71.8708069,144.7552989,46.79944006,0.56738047
2/15/2024,Pune,92.07753604,217.628511,46.72636719,1.051966499
2/16/2024,Pune,85.25629661,129.6501049,39.16711604,1.320572726
2/17/2024,Pune,109.3117838,123.8352481,51.76786962,0.941481159
2/18/2024,Pune,133.9469296,133.0019093,29.96734243,1.034925916
2/19/2024,Pune,119.6465397,181.1233439,41.59191767,0.802380662
2/20/2024,Pune,89.89318556,89.45154395,30.86878462,0.964308637
2/21/2024,Pune,107.7800428,139.8163704,39.43020945,0.920762911
2/22/2024,Pune,115.0205061,123.0266118,48.37547914,1.392176163
2/23/2024,Pune,109.4557931,134.1872517,34.63729856,1.241967444
2/24/2024,Pune,77.46821148,121.3858674,28.35551546,0.744297232
2/25/2024,Pune,79.10367361,173.6971483,51.02282565,0.860585386
2/26/2024,Pune,104.1466809,172.7747003,41.00564203,0.809011448
2/27/2024,Pune,70.5919653,180.3128266,44.96179412,1.115391179
2/28/2024,Pune,77.84706198,157.0493158,46.28999587,1.062806769
2/29/2024,Pune,85.09953566,180.3678153,24.72368052,1.185748385
3/1/2024,Pune,121.6211189,197.1699095,36.5750781,0.800113997
3/2/2024,Pune,115.8776072,129.0235416,40.43995511,0.936507557
3/3/2024,Pune,81.95856057,159.629984,26.07984083,1.118441136
3/4/2024,Pune,80.66137823,98.04805961,39.49892541,1.086326771
3/5/2024,Pune,111.5386919,174.5506119,16.463596,0.798971114
3/6/2024,Pune,102.1330459,195.5700984,47.83744494,1.38026801
3/7/2024,Pune,89.50121154,158.2325099,29.00029192,0.919129556
3/8/2024,Pune,85.29408563,130.9803402,36.06550879,1.000543508
3/9/2024,Pune,100.4442533,166.3036032,41.39988467,0.931190874
3/10/2024,Pune,89.54842917,140.7860484,35.50962859,1.098194211
3/11/2024,Pune,117.3105038,188.2213361,32.0229724,1.093874445
3/12/2024,Pune,72.10640717,161.1952415,50.82672282,0.9700821
3/13/2024,Pune,121.4527209,115.8429639,31.11354717,0.972838031
3/14/2024,Pune,120.4442071,137.4771163,35.46446899,0.801674328
3/15/2024,Pune,104.0576209,187.4008542,47.00680109,1.139330131
3/16/2024,Pune,95.8605105,133.1007192,46.77245916,0.993617785
3/17/2024,Pune,96.52783529,176.9472187,38.02212548,0.832444748
3/18/2024,Pune,118.1837699,152.4215967,29.62970656,0.777418821
3/19/2024,Pune,101.9082375,220.1222898,36.07179396,0.932745228
3/20/2024,Pune,130.475424,148.281564,25.51533137,0.685440709
3/21/2024,Pune,124.5332795,169.9906363,48.26125708,0.988448688
3/22/2024,Pune,85.46575948,143.4851065,41.36031217,0.832337769
3/23/2024,Pune,111.2289982,112.2121149,36.67241235,0.959198426
3/24/2024,Pune,86.17960374,83.83483935,44.47869664,0.848849848
3/25/2024,Pune,126.5141592,139.7405317,34.58640412,1.018304389
3/26/2024,Pune,121.068795,133.0977701,50.14737695,1.288060728
3/27/2024,Pune,119.8064562,198.7929447,52.92646021,1.302976459
3/28/2024,Pune,132.0865264,156.2420859,35.707761,0.547551273
3/29/2024,Pune,73.54533761,136.551516,36.18264913,0.969441107
3/30/2024,Pune,79.9847902,102.1266717,38.69776834,0.962116414
3/31/2024,Pune,83.84891917,127.7354352,30.59843408,0.920695252
1/1/2024,Jaipur,82.87394346,187.7962599,42.40996732,0.805536416
1/2/2024,Jaipur,94.39104437,114.5914318,50.12168295,1.276837345
1/3/2024,Jaipur,125.0400397,115.6592211,39.0873298,0.919685865
1/4/2024,Jaipur,111.2402621,119.7627059,33.24108306,0.917356594
1/5/2024,Jaipur,103.0657694,170.8238612,36.71272307,1.132793015
1/6/2024,Jaipur,116.4415271,143.6035429,27.54341867,0.765761933
1/7/2024,Jaipur,111.8345395,135.7132669,22.87370677,1.122590474
1/8/2024,Jaipur,102.5910904,107.8209876,51.79419981,1.167327197
1/9/2024,Jaipur,102.774905,111.770419,25.97669467,0.938586303
1/10/2024,Jaipur,65.72169221,162.1524082,25.89176687,1.032982546
1/11/2024,Jaipur,94.23737095,171.353558,30.62052405,1.05474589
1/12/2024,Jaipur,72.10319614,173.8664866,38.85038234,1.099170134
1/13/2024,Jaipur,73.58949306,164.9725283,43.06203396,1.072739579
1/14/2024,Jaipur,106.2526793,144.1960835,52.4129922,0.968820403
1/15/2024,Jaipur,85.21661599,148.2382142,30.49482055,0.907200715
1/16/2024,Jaipur,96.45506768,138.6133764,41.99397073,1.389152278
1/17/2024,Jaipur,111.4189968,182.1690194,34.96290563,0.882596742
1/18/2024,Jaipur,92.43643906,175.5866729,18.51881522,0.793367045
1/19/2024,Jaipur,102.0467169,143.277229,59.67729682,1.089536643
1/20/2024,Jaipur,86.75617113,102.6717879,36.59439965,0.739355983
1/21/2024,Jaipur,109.335013,154.8331897,43.20031932,1.415835333
1/22/2024,Jaipur,81.85068037,144.2278738,27.87484256,0.983880297
1/23/2024,Jaipur,131.8654723,167.061672,38.85512954,1.05032605
1/24/2024,Jaipur,75.78288724,138.1879886,40.85252575,1.019884397
1/25/2024,Jaipur,69.38767511,159.8286954,42.79196493,0.924589759
1/26/2024,Jaipur,100.0835,105.4952534,25.20204385,1.026937452
1/27/2024,Jaipur,86.64553618,149.6533344,48.39490672,0.965214014
1/28/2024,Jaipur,43.7866389,145.4803909,35.18955978,0.953061129
1/29/2024,Jaipur,117.9946163,102.6440944,42.43956624,1.314060782
1/30/2024,Jaipur,87.4811377,164.1698366,49.66305779,1.042046288
1/31/2024,Jaipur,86.29806039,128.7143697,47.43800154,1.118429818
2/1/2024,Jaipur,84.2706317,114.7058054,27.19193286,1.332330372
2/2/2024,Jaipur,98.64109759,220.8068576,45.55545603,1.087904465
2/3/2024,Jaipur,106.1254498,179.9744955,30.33936815,1.432002622
2/4/2024,Jaipur,97.99396595,128.8979972,43.02561002,1.218467775
2/5/2024,Jaipur,79.84890248,167.0060812,32.83555842,0.898745293
2/6/2024,Jaipur,90.21035162,172.906244,28.90927268,1.038523222
2/7/2024,Jaipur,93.13164272,124.5836947,27.86476397,0.759422335
2/8/2024,Jaipur,67.32407965,176.8850158,37.58346837,1.031730386
2/9/2024,Jaipur,123.5637873,113.3964853,30.58454325,1.050943107
2/10/2024,Jaipur,63.51840896,132.6387446,30.75106927,1.065904488
2/11/2024,Jaipur,91.48368267,210.2444784,49.37891372,0.829352303
2/12/2024,Jaipur,92.25373125,139.5724646,73.06574349,0.697960071
2/13/2024,Jaipur,104.070794,87.46703594,39.93062559,1.381978112
2/14/2024,Jaipur,91.83089137,183.1366326,39.33884774,0.915500257
2/15/2024,Jaipur,94.96687282,132.3929206,33.73941728,0.733961118
2/16/2024,Jaipur,130.1360146,138.2077081,42.93774311,0.82469363
2/17/2024,Jaipur,122.3398112,141.7933267,39.08967332,0.634204673
2/18/2024,Jaipur,107.9195242,204.3451711,31.30922414,0.908354169
2/19/2024,Jaipur,77.23352084,153.8748652,40.64024198,1.14101622
2/20/2024,Jaipur,111.0294709,125.6245186,42.24948049,0.934339779
2/21/2024,Jaipur,78.17934045,146.1943238,78.01660215,1.463034127
2/22/2024,Jaipur,102.796532,202.1657162,39.54616636,0.989372332
2/23/2024,Jaipur,61.00856425,121.196833,32.16500736,1.021503806
2/24/2024,Jaipur,100.2796907,132.6317295,34.111868,0.966769373
2/25/2024,Jaipur,72.37176699,131.6208432,36.1871013,0.750210213
2/26/2024,Jaipur,93.39524213,124.9557851,52.35382392,0.951239241
2/27/2024,Jaipur,96.20908663,162.8408432,45.56968317,0.652751639
2/28/2024,Jaipur,92.46431782,122.7290302,38.54829756,0.892733496
2/29/2024,Jaipur,103.1413893,120.5862226,34.32232758,0.881768066
3/1/2024,Jaipur,121.6518274,161.0401098,43.68888708,0.942736344
3/2/2024,Jaipur,92.30564296,166.8300867,47.77433934,1.003029357
3/3/2024,Jaipur,122.8329589,188.2246508,23.35301961,1.086075777
3/4/2024,Jaipur,99.14796143,161.6486644,51.15976528,0.815892367
3/5/2024,Jaipur,67.59451795,183.1857442,30.01515355,0.862756097
3/6/2024,Jaipur,104.0924179,129.4169454,24.07789372,1.006837953
3/7/2024,Jaipur,84.37030682,167.9357963,34.93923444,0.862310772
3/8/2024,Jaipur,95.79998922,181.5646043,49.07904082,0.781354764
3/9/2024,Jaipur,155.994153,140.2267103,28.47584271,1.177646398
3/10/2024,Jaipur,92.76655085,214.6115852,48.47408355,0.960256031
3/11/2024,Jaipur,131.5061376,175.4734563,27.71104803,1.177678822
3/12/2024,Jaipur,89.67025116,147.5002114,41.31054449,0.824180798
3/13/2024,Jaipur,73.33315442,161.0335203,26.11766501,0.484959475
3/14/2024,Jaipur,83.27788791,159.9327726,37.30118866,1.253426188
3/15/2024,Jaipur,103.6750699,127.0107104,35.6041645,0.712691728
3/16/2024,Jaipur,121.7159445,108.5669974,30.79592368,0.967942756
3/17/2024,Jaipur,100.0470653,104.9204891,30.94464205,1.05300812
3/18/2024,Jaipur,122.5944672,160.4701069,39.74190238,0.687518253
3/19/2024,Jaipur,87.65315307,165.6448272,50.8094667,1.177875182
3/20/2024,Jaipur,102.7614329,186.138014,68.81460713,0.881227617
3/21/2024,Jaipur,84.73768409,195.5544878,42.35464525,1.022461538
3/22/2024,Jaipur,107.8474866,130.3654048,29.65204715,0.844570498
3/23/2024,Jaipur,124.9189251,106.9007801,44.98654646,0.888462508
3/24/2024,Jaipur,92.93266223,172.2885293,48.43988913,1.068595308
3/25/2024,Jaipur,62.53760675,197.1289413,53.10196517,1.018287367
3/26/2024,Jaipur,100.2051563,204.0434763,49.47224271,0.994141119
3/27/2024,Jaipur,94.15322648,144.1938867,51.77232054,1.207998357
3/28/2024,Jaipur,67.73153977,163.939272,48.64121331,0.698707367
3/29/2024,Jaipur,99.94070497,96.68869181,41.29492836,0.5833531
3/30/2024,Jaipur,86.36508953,131.6680226,32.9115018,1.290305603
3/31/2024,Jaipur,110.7102114,138.0129342,30.66922159,0.952244737
1/1/2024,Lucknow,79.41774063,179.1924001,59.96766002,1.21063998
1/2/2024,Lucknow,106.6338069,145.0311365,35.94893711,1.349056915
1/3/2024,Lucknow,88.48128785,196.8329567,28.68460758,0.940753669
1/4/2024,Lucknow,65.71886815,154.777026,27.36272378,1.333009881
1/5/2024,Lucknow,108.2454454,166.1219024,42.82678449,0.781491837
1/6/2024,Lucknow,102.4823658,205.1124206,40.08554926,0.79659676
1/7/2024,Lucknow,62.95314687,128.6001903,22.37771102,1.166103474
1/8/2024,Lucknow,115.6233453,123.7295452,46.13981308,0.884709069
1/9/2024,Lucknow,99.08771434,161.1586665,35.56039991,1.08364067
1/10/2024,Lucknow,66.28543899,153.5242496,39.65047978,0.590721373
1/11/2024,Lucknow,63.80619615,94.21429183,44.14306834,1.024791925
1/12/2024,Lucknow,105.4791515,110.2086452,51.38973811,1.196568244
1/13/2024,Lucknow,84.6607393,185.2818083,37.49077603,0.644758995
1/14/2024,Lucknow,67.34610468,172.0117046,38.95951189,1.176244989
1/15/2024,Lucknow,98.23253751,158.0301268,61.23526423,1.279369818
1/16/2024,Lucknow,91.34345463,161.2490617,44.94445443,1.152278233
1/17/2024,Lucknow,101.4201761,135.1940445,39.96377183,0.903942578
1/18/2024,Lucknow,133.6673456,187.2217872,37.96384981,1.085658452
1/19/2024,Lucknow,96.69081472,185.7972341,50.48880516,1.113722167
1/20/2024,Lucknow,117.4252854,169.8171242,51.74061854,1.106226275
1/21/2024,Lucknow,103.0380106,132.6832313,24.28249263,0.994430324
1/22/2024,Lucknow,85.17888933,151.800272,51.40488424,1.034564935
1/23/2024,Lucknow,91.69996658,124.4061413,25.69864793,1.266561067
1/24/2024,Lucknow,64.46617962,121.9565092,16.86798066,0.936771685
1/25/2024,Lucknow,93.1543088,137.8711674,39.368701,0.835746985
1/26/2024,Lucknow,81.72688719,204.5347924,36.65937052,1.181531725
1/27/2024,Lucknow,83.26457915,198.3818578,55.14182131,1.046203736
1/28/2024,Lucknow,78.00936814,152.6100416,40.473045,1.047924783
1/29/2024,Lucknow,80.43558768,104.3099959,41.62363037,0.997941737
1/30/2024,Lucknow,100.0415004,180.8040174,25.24839517,1.202138743
1/31/2024,Lucknow,85.1354492,138.143338,31.74220637,1.017923972
2/1/2024,Lucknow,61.8836425,132.9574284,34.84243455,1.25278604
2/2/2024,Lucknow,103.0139629,170.8655493,40.05938814,0.790219926
2/3/2024,Lucknow,118.1440974,124.6367597,34.73756659,1.036419956
2/4/2024,Lucknow,118.9107758,143.9584637,55.10524732,0.885704317
2/5/2024,Lucknow,113.3117857,150.108489,55.46671838,1.042881203
2/6/2024,Lucknow,62.45374364,182.6500563,39.18451487,0.889387618
2/7/2024,Lucknow,124.4592952,140.0607409,45.99986743,0.846323336
2/8/2024,Lucknow,83.27739746,204.3174528,32.12967263,0.883045813
2/9/2024,Lucknow,65.83358416,198.8994673,43.97998323,1.047555927
2/10/2024,Lucknow,119.5027682,110.1199029,34.58953218,0.981712454
2/11/2024,Lucknow,69.03057899,189.3428138,39.8157095,0.935342273
2/12/2024,Lucknow,104.7245098,127.4225315,40.45113004,1.685507709
2/13/2024,Lucknow,112.0936406,200.0493318,36.44916878,0.849686202
2/14/2024,Lucknow,106.1940718,109.7488517,16.93042235,1.146318501
2/15/2024,Lucknow,112.8267629,175.0155367,40.28169873,1.39567454
2/16/2024,Lucknow,98.25343626,133.3810578,9.93501285,0.990566826
2/17/2024,Lucknow,116.6375557,150.205836,51.24221734,1.458976233
2/18/2024,Lucknow,96.53299583,186.9376068,24.14147425,1.206263821
2/19/2024,Lucknow,101.2698096,143.358285,38.3660108,0.968739306
2/20/2024,Lucknow,93.82394181,155.9601891,38.25707866,0.768841504
2/21/2024,Lucknow,108.3410778,131.7639615,50.47986615,0.993234607
2/22/2024,Lucknow,102.5404791,88.5230426,27.43319872,1.187922879
2/23/2024,Lucknow,85.32366548,134.0268702,37.22060033,1.272748519
2/24/2024,Lucknow,107.48276,189.3079381,37.32252202,1.042635253
2/25/2024,Lucknow,75.93513089,185.3409371,41.08648204,1.00882582
2/26/2024,Lucknow,106.7663108,193.4037622,37.85504894,1.332607792
2/27/2024,Lucknow,82.96954831,162.6655382,60.09218561,0.902037054
2/28/2024,Lucknow,104.9051171,176.3251519,38.62100301,0.699929345
2/29/2024,Lucknow,78.88081282,167.4279777,48.9151532,1.156911067
3/1/2024,Lucknow,122.9286403,152.1595558,42.08233171,0.696226268
3/2/2024,Lucknow,106.3465791,168.3804236,34.16788705,1.12880034
3/3/2024,Lucknow,63.68222311,172.5329879,43.00284324,1.422121707
3/4/2024,Lucknow,128.2617107,195.2094108,48.17397096,1.129323123
3/5/2024,Lucknow,76.3673737,139.947261,58.26728471,0.70876711
3/6/2024,Lucknow,90.9943633,107.4229776,54.50951814,0.886843734
3/7/2024,Lucknow,130.8906873,137.5871252,34.9586792,1.255705838
3/8/2024,Lucknow,118.7766345,68.51159072,44.5114079,1.120033376
3/9/2024,Lucknow,104.1961386,130.2702599,40.28408445,0.920387704
3/10/2024,Lucknow,104.2264606,143.9281721,33.78071842,1.032754089
3/11/2024,Lucknow,116.0487782,158.6701768,34.4635761,1.067250804
3/12/2024,Lucknow,121.3958478,197.8621251,52.07552584,1.107476039
3/13/2024,Lucknow,79.81751938,109.0334182,37.97618786,0.718163044
3/14/2024,Lucknow,84.30430542,144.8963309,35.15789578,0.934416389
3/15/2024,Lucknow,73.43990745,156.9440028,49.96508051,0.890372506
3/16/2024,Lucknow,114.5151069,229.8818014,39.0818897,1.130242002
3/17/2024,Lucknow,103.9354018,179.0887119,22.81350123,0.788608646
3/18/2024,Lucknow,102.8692786,176.608877,41.30524026,0.66708535
3/19/2024,Lucknow,83.52773447,126.1588165,43.88991945,0.847592208
3/20/2024,Lucknow,86.3838579,182.5424273,53.35316277,0.917345039
3/21/2024,Lucknow,108.4980534,93.55548604,41.98327059,1.23799561
3/22/2024,Lucknow,110.5356341,153.0318253,36.11357027,0.870641597
3/23/2024,Lucknow,96.4183519,103.4567659,56.10458978,1.112842128
3/24/2024,Lucknow,97.95125932,131.4058568,39.2966038,1.159558988
3/25/2024,Lucknow,120.2289578,122.8892721,30.2647124,1.415645993
3/26/2024,Lucknow,122.7318572,171.2555982,38.61353756,1.184804068
3/27/2024,Lucknow,74.53533648,195.9530526,39.64227775,1.1581723
3/28/2024,Lucknow,112.9243555,146.0528727,38.24633645,1.244316628
3/29/2024,Lucknow,120.5299481,96.8330664,23.07594263,0.810755876
3/30/2024,Lucknow,82.12909203,116.4442238,42.72110643,0.907259111
3/31/2024,Lucknow,124.1224924,193.586333,39.71316763,1.33669159
